{
  "T0H": "Wood Buffalo",
  "T7V": "Prince George",
  "T8S": "Grande Prairie",
  "T0E": "Edmonton",
  "T0G": "Wood Buffalo",
  "T4T": "Calgary",
  "T7E": "Edmonton",
  "T7S": "Edmonton",
  "T0A": "Wood Buffalo",
  "T9S": "Edmonton",
  "T0B": "Camrose",
  "T9W": "Lloydminster (Saskatchewan part)",
  "T0C": "Camrose",
  "T9X": "Lloydminster (Alberta part)",
  "T9C": "Edmonton",
  "T0M": "Sylvan Lake",
  "T9N": "Cold Lake",
  "T4H": "Calgary",
  "T7N": "Edmonton",
  "T0L": "Okotoks",
  "T7A": "Edmonton",
  "T1W": "Calgary",
  "T4G": "Red Deer",
  "T7P": "Edmonton",
  "T4J": "Lacombe",
  "T0J": "Brooks",
  "T1G": "Lethbridge",
  "T1L": "Canmore",
  "T0K": "Lethbridge",
  "T1S": "Okotoks",
  "T4E": "Red Deer",
  "T4M": "Red Deer",
  "T2J": "Calgary",
  "T4S": "Sylvan Lake",
  "T2P": "Calgary",
  "T9A": "Wetaskiwin",
  "T9V": "Lloydminster (Alberta part)",
  "T1V": "High River",
  "T0V": "Wood Buffalo",
  "T4N": "Red Deer",
  "T8W": "Grande Prairie",
  "T9M": "Cold Lake",
  "T1P": "Strathmore",
  "T4L": "Lacombe",
  "T4V": "Camrose",
  "T1A": "Medicine Hat",
  "T1B": "Medicine Hat",
  "T1C": "Medicine Hat",
  "T1R": "Brooks",
  "T1H": "Lethbridge",
  "T1J": "Lethbridge",
  "T1K": "Lethbridge",
  "T1M": "Lethbridge",
  "T4B": "Calgary",
  "T4C": "Calgary",
  "T2B": "Calgary",
  "T2C": "Calgary",
  "T2E": "Calgary",
  "T2N": "Calgary",
  "T2R": "Calgary",
  "T2S": "Calgary",
  "T2T": "Calgary",
  "T2G": "Calgary",
  "T2H": "Calgary",
  "T2K": "Calgary",
  "T2L": "Calgary",
  "T2M": "Calgary",
  "T2V": "Calgary",
  "T2W": "Calgary",
  "T2X": "Calgary",
  "T2Y": "Calgary",
  "T2Z": "Calgary",
  "T3A": "Calgary",
  "T3B": "Calgary",
  "T3K": "Calgary",
  "T3L": "Calgary",
  "T3Z": "Calgary",
  "T3C": "Calgary",
  "T3E": "Calgary",
  "T3G": "Calgary",
  "T3M": "Calgary",
  "T3N": "Calgary",
  "T3P": "Calgary",
  "T1X": "Calgary",
  "T1Y": "Calgary",
  "T1Z": "Calgary",
  "T2A": "Calgary",
  "T3H": "Calgary",
  "T3J": "Calgary",
  "T3R": "Calgary",
  "T3S": "Calgary",
  "T4A": "Calgary",
  "T4P": "Red Deer",
  "T4R": "Red Deer",
  "T5G": "Edmonton",
  "T5T": "Edmonton",
  "T5V": "Edmonton",
  "T5W": "Edmonton",
  "T5A": "Edmonton",
  "T5B": "Edmonton",
  "T5C": "Edmonton",
  "T5E": "Edmonton",
  "T5H": "Edmonton",
  "T5J": "Edmonton",
  "T5K": "Edmonton",
  "T5L": "Edmonton",
  "T4X": "Edmonton",
  "T5M": "Edmonton",
  "T5N": "Edmonton",
  "T5P": "Edmonton",
  "T5R": "Edmonton",
  "T5S": "Edmonton",
  "T6W": "Edmonton",
  "T6X": "Edmonton",
  "T9E": "Edmonton",
  "T7X": "Edmonton",
  "T7Y": "Edmonton",
  "T7Z": "Edmonton",
  "T8A": "Edmonton",
  "T8B": "Edmonton",
  "T8E": "Edmonton",
  "T8G": "Edmonton",
  "T8L": "Edmonton",
  "T8N": "Edmonton",
  "T8R": "Edmonton",
  "T8C": "Edmonton",
  "T9G": "Edmonton",
  "T8H": "Edmonton",
  "T8T": "Edmonton",
  "T6H": "Edmonton",
  "T6J": "Edmonton",
  "T6K": "Edmonton",
  "T6L": "Edmonton",
  "T5X": "Edmonton",
  "T5Y": "Edmonton",
  "T5Z": "Edmonton",
  "T6A": "Edmonton",
  "T6M": "Edmonton",
  "T6P": "Edmonton",
  "T6R": "Edmonton",
  "T6S": "Edmonton",
  "T6T": "Edmonton",
  "T6B": "Edmonton",
  "T6C": "Edmonton",
  "T6V": "Edmonton",
  "T6E": "Edmonton",
  "T6G": "Edmonton",
  "T8X": "Grande Prairie",
  "T8V": "Grande Prairie",
  "T0P": "Wood Buffalo",
  "T9H": "Wood Buffalo",
  "T9J": "Wood Buffalo",
  "T9K": "Wood Buffalo",
  "V0C": "Fort St. John",
  "V0T": "Prince Rupert",
  "V0J": "Terrace",
  "V0V": "Terrace",
  "V0A": "Canmore",
  "V0W": "Whitehorse",
  "V0P": "Campbell River",
  "V1G": "Prince George",
  "V0E": "Kamloops",
  "V0X": "Penticton",
  "V8C": "Terrace",
  "V1K": "Kamloops",
  "V0L": "Quesnel",
  "V0K": "Kamloops",
  "V0M": "Vancouver",
  "V0G": "Nelson",
  "V1R": "Nelson",
  "V0N": "Powell River",
  "V1N": "Nelson",
  "V1A": "Cranbrook",
  "V8J": "Prince Rupert",
  "V0H": "Penticton",
  "V0S": "Victoria",
  "V2C": "Kamloops",
  "V2V": "Vancouver",
  "V9K": "Nanaimo",
  "V8K": "Duncan",
  "V0R": "Port Alberni",
  "V9J": "Courtenay",
  "V9P": "Parksville",
  "V9G": "Nanaimo",
  "V8G": "Terrace",
  "V1J": "Fort St. John",
  "V1L": "Nelson",
  "V2A": "Penticton",
  "V1Y": "Kelowna",
  "V1P": "Kelowna",
  "V4T": "Kelowna",
  "V1X": "Kelowna",
  "V1Z": "Kelowna",
  "V4V": "Kelowna",
  "V1V": "Kelowna",
  "V1W": "Kelowna",
  "V1B": "Vernon",
  "V1H": "Vernon",
  "V1T": "Vernon",
  "V1E": "Salmon Arm",
  "V1S": "Kamloops",
  "V2B": "Kamloops",
  "V2E": "Kamloops",
  "V2H": "Kamloops",
  "V2R": "Chilliwack",
  "V2P": "Chilliwack",
  "V4Z": "Chilliwack",
  "V4S": "Abbotsford - Mission",
  "V3G": "Abbotsford - Mission",
  "V2S": "Abbotsford - Mission",
  "V2T": "Abbotsford - Mission",
  "V4X": "Abbotsford - Mission",
  "V2X": "Vancouver",
  "V2Y": "Vancouver",
  "V5E": "Vancouver",
  "V5G": "Vancouver",
  "V5H": "Vancouver",
  "V3C": "Vancouver",
  "V5Z": "Vancouver",
  "V6A": "Vancouver",
  "V3N": "Vancouver",
  "V7B": "Vancouver",
  "V7C": "Vancouver",
  "V3R": "Vancouver",
  "V6S": "Vancouver",
  "V6T": "Vancouver",
  "V4A": "Vancouver",
  "V4B": "Vancouver",
  "V6V": "Vancouver",
  "V4C": "Vancouver",
  "V4E": "Vancouver",
  "V7E": "Vancouver",
  "V3S": "Vancouver",
  "V3T": "Vancouver",
  "V7G": "Vancouver",
  "V7H": "Vancouver",
  "V7J": "Vancouver",
  "V7W": "Vancouver",
  "V3V": "Vancouver",
  "V6W": "Vancouver",
  "V6X": "Vancouver",
  "V6Y": "Vancouver",
  "V6Z": "Vancouver",
  "V4G": "Vancouver",
  "V4L": "Vancouver",
  "V4M": "Vancouver",
  "V3W": "Vancouver",
  "V3X": "Vancouver",
  "V7K": "Vancouver",
  "V7L": "Vancouver",
  "V7M": "Vancouver",
  "V3Y": "Vancouver",
  "V3Z": "Vancouver",
  "V4K": "Vancouver",
  "V7A": "Vancouver",
  "V5J": "Vancouver",
  "V5K": "Vancouver",
  "V5L": "Vancouver",
  "V5M": "Vancouver",
  "V4N": "Vancouver",
  "V4P": "Vancouver",
  "V4R": "Vancouver",
  "V7N": "Vancouver",
  "V6B": "Vancouver",
  "V6C": "Vancouver",
  "V6E": "Vancouver",
  "V5R": "Vancouver",
  "V7P": "Vancouver",
  "V7R": "Vancouver",
  "V5A": "Vancouver",
  "V3E": "Vancouver",
  "V5N": "Vancouver",
  "V5P": "Vancouver",
  "V1M": "Vancouver",
  "V5B": "Vancouver",
  "V5C": "Vancouver",
  "V3H": "Vancouver",
  "V6G": "Vancouver",
  "V5S": "Vancouver",
  "V5T": "Vancouver",
  "V7S": "Vancouver",
  "V7T": "Vancouver",
  "V6H": "Vancouver",
  "V6J": "Vancouver",
  "V6K": "Vancouver",
  "V2Z": "Vancouver",
  "V7V": "Vancouver",
  "V2W": "Vancouver",
  "V3A": "Vancouver",
  "V5V": "Vancouver",
  "V5W": "Vancouver",
  "V5X": "Vancouver",
  "V4W": "Vancouver",
  "V3J": "Vancouver",
  "V3K": "Vancouver",
  "V3L": "Vancouver",
  "V3M": "Vancouver",
  "V5Y": "Vancouver",
  "V6L": "Vancouver",
  "V6M": "Vancouver",
  "V6N": "Vancouver",
  "V6P": "Vancouver",
  "V6R": "Vancouver",
  "V3B": "Vancouver",
  "V8B": "Squamish",
  "V8V": "Victoria",
  "V9Z": "Victoria",
  "V8S": "Victoria",
  "V8T": "Victoria",
  "V8N": "Victoria",
  "V8L": "Victoria",
  "V8W": "Victoria",
  "V8X": "Victoria",
  "V8Y": "Victoria",
  "V8Z": "Victoria",
  "V9A": "Victoria",
  "V9B": "Victoria",
  "V9C": "Victoria",
  "V9E": "Victoria",
  "V8P": "Victoria",
  "V8R": "Victoria",
  "V8M": "Victoria",
  "V9L": "Duncan",
  "V9R": "Nanaimo",
  "V9S": "Nanaimo",
  "V9T": "Nanaimo",
  "V9V": "Nanaimo",
  "V9X": "Nanaimo",
  "V9Y": "Port Alberni",
  "V9M": "Courtenay",
  "V9N": "Courtenay",
  "V9H": "Campbell River",
  "V9W": "Campbell River",
  "V8A": "Powell River",
  "V2G": "Williams Lake",
  "V2J": "Quesnel",
  "V2L": "Prince George",
  "V2K": "Prince George",
  "V2M": "Prince George",
  "V2N": "Prince George",
  "V0B": "Cranbrook",
  "V1C": "Cranbrook",
  "R0L": "Winnipeg",
  "R9A": "Prince Albert",
  "R8A": "Thompson",
  "R7N": "Brandon",
  "R0B": "Thompson",
  "R0C": "Winnipeg",
  "R0J": "Brandon",
  "R0E": "Winnipeg",
  "R0H": "Portage la Prairie",
  "R0M": "Brandon",
  "R0A": "Steinbach",
  "R0G": "Winkler",
  "R1A": "Winnipeg",
  "R4K": "Winnipeg",
  "R5G": "Steinbach",
  "R5H": "Winnipeg",
  "R1B": "Winnipeg",
  "R1N": "Portage la Prairie",
  "R0K": "Brandon",
  "R7A": "Brandon",
  "R7B": "Brandon",
  "R7C": "Brandon",
  "R8N": "Thompson",
  "R3V": "Winnipeg",
  "R1C": "Winnipeg",
  "R3J": "Winnipeg",
  "R3K": "Winnipeg",
  "R3L": "Winnipeg",
  "R3M": "Winnipeg",
  "R3W": "Winnipeg",
  "R3X": "Winnipeg",
  "R3Y": "Winnipeg",
  "R4A": "Winnipeg",
  "R2C": "Winnipeg",
  "R3N": "Winnipeg",
  "R3P": "Winnipeg",
  "R3R": "Winnipeg",
  "R3S": "Winnipeg",
  "R3T": "Winnipeg",
  "R4G": "Winnipeg",
  "R4H": "Winnipeg",
  "R4J": "Winnipeg",
  "R4L": "Winnipeg",
  "R2E": "Winnipeg",
  "R2G": "Winnipeg",
  "R2H": "Winnipeg",
  "R2J": "Winnipeg",
  "R5A": "Winnipeg",
  "R2W": "Winnipeg",
  "R2X": "Winnipeg",
  "R2Y": "Winnipeg",
  "R3A": "Winnipeg",
  "R2K": "Winnipeg",
  "R3B": "Winnipeg",
  "R2L": "Winnipeg",
  "R2M": "Winnipeg",
  "R3C": "Winnipeg",
  "R3E": "Winnipeg",
  "R3G": "Winnipeg",
  "R3H": "Winnipeg",
  "R2N": "Winnipeg",
  "R2P": "Winnipeg",
  "R2R": "Winnipeg",
  "R2V": "Winnipeg",
  "R6M": "Winkler",
  "R6W": "Winkler",
  "E8T": "Bathurst",
  "E8S": "Bathurst",
  "E7H": "Fredericton",
  "E5G": "Saint John",
  "E3Z": "Edmundston",
  "E8P": "Bathurst",
  "E7K": "Fredericton",
  "E1W": "Bathurst",
  "E5E": "Saint John",
  "E4M": "Moncton",
  "E5V": "Saint John",
  "E6H": "Fredericton",
  "E7M": "Fredericton",
  "E5B": "Fredericton",
  "E9H": "Miramichi",
  "E3L": "Fredericton",
  "E3Y": "Edmundston",
  "E7G": "Miramichi",
  "E8N": "Bathurst",
  "E7N": "Fredericton",
  "E4C": "Saint John",
  "E1X": "Bathurst",
  "E4N": "Moncton",
  "E8B": "Campbellton (New Brunswick part)",
  "E9C": "Fredericton",
  "E8M": "Bathurst",
  "E5C": "Saint John",
  "E4W": "Moncton",
  "E7L": "Fredericton",
  "E7J": "Fredericton",
  "E4G": "Moncton",
  "E4A": "Fredericton",
  "E4T": "Moncton",
  "E8R": "Bathurst",
  "E4Z": "Moncton",
  "E4X": "Miramichi",
  "E6A": "Miramichi",
  "E8A": "Edmundston",
  "E8G": "Bathurst",
  "E6J": "Fredericton",
  "E4R": "Moncton",
  "E9B": "Miramichi",
  "E7P": "Fredericton",
  "E4S": "Moncton",
  "E5P": "Saint John",
  "E5A": "Fredericton",
  "E8E": "Campbellton (New Brunswick part)",
  "E8L": "Bathurst",
  "E9G": "Miramichi",
  "E4Y": "Miramichi",
  "E4E": "Saint John",
  "E4L": "Moncton",
  "E4B": "Fredericton",
  "E7A": "Edmundston",
  "E7E": "Edmundston",
  "E4P": "Moncton",
  "E5T": "Saint John",
  "E4V": "Moncton",
  "E5H": "Saint John",
  "E2V": "Fredericton",
  "E5M": "Saint John",
  "E6G": "Fredericton",
  "E5L": "Saint John",
  "E4H": "Moncton",
  "E9A": "Miramichi",
  "E6E": "Fredericton",
  "E8C": "Campbellton (New Brunswick part)",
  "E4J": "Moncton",
  "E1A": "Moncton",
  "E1B": "Moncton",
  "E1C": "Moncton",
  "E1E": "Moncton",
  "E1J": "Moncton",
  "E4K": "Moncton",
  "E1G": "Moncton",
  "E1H": "Moncton",
  "E2E": "Saint John",
  "E2G": "Saint John",
  "E2H": "Saint John",
  "E2J": "Saint John",
  "E2K": "Saint John",
  "E2L": "Saint John",
  "E2M": "Saint John",
  "E2N": "Saint John",
  "E2P": "Saint John",
  "E2S": "Saint John",
  "E5J": "Saint John",
  "E5K": "Saint John",
  "E5N": "Saint John",
  "E5R": "Saint John",
  "E5S": "Saint John",
  "E3A": "Fredericton",
  "E3B": "Fredericton",
  "E3C": "Fredericton",
  "E3E": "Fredericton",
  "E3G": "Fredericton",
  "E6B": "Fredericton",
  "E6C": "Fredericton",
  "E6K": "Fredericton",
  "E6L": "Fredericton",
  "E2A": "Bathurst",
  "E8J": "Bathurst",
  "E8K": "Bathurst",
  "E1N": "Miramichi",
  "E1V": "Miramichi",
  "E9E": "Miramichi",
  "E3N": "Campbellton (New Brunswick part)",
  "E3V": "Edmundston",
  "E7B": "Edmundston",
  "E7C": "Edmundston",
  "A0P": "Sept-Îles",
  "A0R": "Sept-Îles",
  "A0K": "Corner Brook",
  "A2V": "Sept-Îles",
  "A0M": "Corner Brook",
  "A0E": "Gander",
  "A0H": "Gander",
  "A0N": "Corner Brook",
  "A5A": "Bay Roberts",
  "A0C": "Gander",
  "A0J": "Grand Falls-Windsor",
  "A2N": "Corner Brook",
  "A0B": "Bay Roberts",
  "A0A": "St. John's",
  "A2B": "Grand Falls-Windsor",
  "A1Y": "Bay Roberts",
  "A8A": "Corner Brook",
  "A0L": "Corner Brook",
  "A1G": "St. John's",
  "A1H": "St. John's",
  "A1K": "St. John's",
  "A1L": "St. John's",
  "A1M": "St. John's",
  "A1N": "St. John's",
  "A1S": "St. John's",
  "A1A": "St. John's",
  "A1B": "St. John's",
  "A1C": "St. John's",
  "A1E": "St. John's",
  "A1W": "St. John's",
  "A1X": "St. John's",
  "A0G": "Gander",
  "A1V": "Gander",
  "A2H": "Corner Brook",
  "A2A": "Grand Falls-Windsor",
  "X0G": "Fort St. John",
  "X0E": "Yellowknife",
  "X1A": "Yellowknife",
  "B5A": "Saint John",
  "B0W": "Saint John",
  "B0T": "Kentville",
  "B0V": "Saint John",
  "B0S": "Kentville",
  "B9A": "Cape Breton",
  "B4V": "Kentville",
  "B0C": "Cape Breton",
  "B0H": "New Glasgow",
  "B0M": "Kentville",
  "B4H": "Moncton",
  "B0R": "Kentville",
  "B0E": "Cape Breton",
  "B0L": "Moncton",
  "B2G": "New Glasgow",
  "B0P": "Kentville",
  "B2J": "Cape Breton",
  "B2C": "Cape Breton",
  "B4P": "Kentville",
  "B0N": "Truro",
  "B2S": "Halifax",
  "B1X": "Cape Breton",
  "B2E": "Cape Breton",
  "B0K": "New Glasgow",
  "B0J": "Halifax",
  "B3B": "Halifax",
  "B3H": "Halifax",
  "B3J": "Halifax",
  "B3K": "Halifax",
  "B3L": "Halifax",
  "B3M": "Halifax",
  "B3R": "Halifax",
  "B3S": "Halifax",
  "B3T": "Halifax",
  "B3V": "Halifax",
  "B3Z": "Halifax",
  "B4A": "Halifax",
  "B4B": "Halifax",
  "B4C": "Halifax",
  "B4E": "Halifax",
  "B4G": "Halifax",
  "B2R": "Halifax",
  "B2T": "Halifax",
  "B2V": "Halifax",
  "B2W": "Halifax",
  "B2Z": "Halifax",
  "B3A": "Halifax",
  "B3E": "Halifax",
  "B3G": "Halifax",
  "B3N": "Halifax",
  "B3P": "Halifax",
  "B2X": "Halifax",
  "B2Y": "Halifax",
  "B4N": "Kentville",
  "B4R": "Kentville",
  "B6L": "Truro",
  "B2N": "Truro",
  "B2H": "New Glasgow",
  "B1E": "Cape Breton",
  "B1G": "Cape Breton",
  "B1H": "Cape Breton",
  "B1J": "Cape Breton",
  "B1K": "Cape Breton",
  "B1L": "Cape Breton",
  "B1M": "Cape Breton",
  "B1N": "Cape Breton",
  "B1P": "Cape Breton",
  "B1R": "Cape Breton",
  "B1S": "Cape Breton",
  "B1T": "Cape Breton",
  "B1V": "Cape Breton",
  "B1A": "Cape Breton",
  "B1B": "Cape Breton",
  "B1C": "Cape Breton",
  "B1W": "Cape Breton",
  "B1Y": "Cape Breton",
  "B2A": "Cape Breton",
  "X0A": "Yellowknife",
  "X0C": "Wood Buffalo",
  "X0B": "Yellowknife",
  "P0V": "Thunder Bay",
  "P0L": "Timmins",
  "P0W": "Kenora",
  "P8T": "Kenora",
  "P8N": "Kenora",
  "P0T": "Thunder Bay",
  "P9A": "Kenora",
  "P0M": "Timmins",
  "P5N": "Timmins",
  "P0X": "Kenora",
  "P0S": "Sault Ste. Marie",
  "N7A": "Stratford",
  "P0G": "North Bay",
  "P2A": "Midland",
  "P0J": "Rouyn-Noranda",
  "N0G": "Owen Sound",
  "P0C": "Midland",
  "P1H": "Kawartha Lakes",
  "N2Z": "Owen Sound",
  "P7G": "Thunder Bay",
  "P0P": "Elliot Lake",
  "P0A": "North Bay",
  "P2N": "Rouyn-Noranda",
  "P0B": "Kawartha Lakes",
  "P0K": "Timmins",
  "P0Y": "Kenora",
  "N4N": "Owen Sound",
  "N0C": "Collingwood",
  "N4W": "Kitchener - Cambridge - Waterloo",
  "N4L": "Owen Sound",
  "P0R": "Elliot Lake",
  "K7H": "Brockville",
  "K0L": "Peterborough",
  "N0K": "Stratford",
  "N0M": "London",
  "P0E": "Kawartha Lakes",
  "P1P": "Kawartha Lakes",
  "P5E": "Greater Sudbury",
  "K0B": "Hawkesbury (Ontario part)",
  "P2B": "North Bay",
  "P1L": "Kawartha Lakes",
  "N0A": "Brantford",
  "K0H": "Kingston",
  "L0M": "Barrie",
  "L0K": "Orillia",
  "K0G": "Carleton Place",
  "P3E": "Greater Sudbury",
  "K7V": "Arnprior",
  "N1A": "St. Catharines - Niagara",
  "N5H": "London",
  "K0J": "Pembroke",
  "K7A": "Carleton Place",
  "L9M": "Midland",
  "K0M": "Kawartha Lakes",
  "L9L": "Kawartha Lakes",
  "L9W": "Toronto",
  "N4X": "London",
  "K7R": "Kingston",
  "N0J": "Woodstock",
  "L0N": "Toronto",
  "N8M": "Leamington",
  "L0C": "Toronto",
  "L9V": "Toronto",
  "N3W": "Brantford",
  "K0C": "Cornwall",
  "K7G": "Kingston",
  "K9A": "Cobourg",
  "K6A": "Hawkesbury (Ontario part)",
  "L9Y": "Collingwood",
  "N0N": "Sarnia",
  "K6H": "Cornwall",
  "L9R": "Toronto",
  "L3V": "Orillia",
  "M5J": "Toronto",
  "L0B": "Oshawa",
  "N4G": "Tillsonburg",
  "K0E": "Brockville",
  "K6T": "Brockville",
  "K6V": "Brockville",
  "L0L": "Barrie",
  "L4M": "Barrie",
  "L9S": "Barrie",
  "L9J": "Barrie",
  "L4N": "Barrie",
  "L4R": "Midland",
  "P1A": "North Bay",
  "P1B": "North Bay",
  "P1C": "North Bay",
  "P0H": "North Bay",
  "P3A": "Greater Sudbury",
  "P3B": "Greater Sudbury",
  "P3C": "Greater Sudbury",
  "P3L": "Greater Sudbury",
  "P3G": "Greater Sudbury",
  "P3N": "Greater Sudbury",
  "P3P": "Greater Sudbury",
  "P3Y": "Greater Sudbury",
  "P6A": "Sault Ste. Marie",
  "P6B": "Sault Ste. Marie",
  "P6C": "Sault Ste. Marie",
  "L9Z": "Wasaga Beach",
  "K6K": "Cornwall",
  "K6J": "Cornwall",
  "K1R": "Ottawa - Gatineau (Ontario part)",
  "K1S": "Ottawa - Gatineau (Ontario part)",
  "K1T": "Ottawa - Gatineau (Ontario part)",
  "K1V": "Ottawa - Gatineau (Ontario part)",
  "K0A": "Ottawa - Gatineau (Ontario part)",
  "K1B": "Ottawa - Gatineau (Ontario part)",
  "K1C": "Ottawa - Gatineau (Ontario part)",
  "K1E": "Ottawa - Gatineau (Ontario part)",
  "K1K": "Ottawa - Gatineau (Ontario part)",
  "K1L": "Ottawa - Gatineau (Ontario part)",
  "K1M": "Ottawa - Gatineau (Ontario part)",
  "K1N": "Ottawa - Gatineau (Ontario part)",
  "K1P": "Ottawa - Gatineau (Ontario part)",
  "K1W": "Ottawa - Gatineau (Ontario part)",
  "K1X": "Ottawa - Gatineau (Ontario part)",
  "K1Y": "Ottawa - Gatineau (Ontario part)",
  "K1Z": "Ottawa - Gatineau (Ontario part)",
  "K2A": "Ottawa - Gatineau (Ontario part)",
  "K2B": "Ottawa - Gatineau (Ontario part)",
  "K2C": "Ottawa - Gatineau (Ontario part)",
  "K2E": "Ottawa - Gatineau (Ontario part)",
  "K2G": "Ottawa - Gatineau (Ontario part)",
  "K2H": "Ottawa - Gatineau (Ontario part)",
  "K2J": "Ottawa - Gatineau (Ontario part)",
  "K2K": "Ottawa - Gatineau (Ontario part)",
  "K2L": "Ottawa - Gatineau (Ontario part)",
  "K2M": "Ottawa - Gatineau (Ontario part)",
  "K2P": "Ottawa - Gatineau (Ontario part)",
  "K2R": "Ottawa - Gatineau (Ontario part)",
  "K1G": "Ottawa - Gatineau (Ontario part)",
  "K1H": "Ottawa - Gatineau (Ontario part)",
  "K1J": "Ottawa - Gatineau (Ontario part)",
  "K2S": "Ottawa - Gatineau (Ontario part)",
  "K2T": "Ottawa - Gatineau (Ontario part)",
  "K2V": "Ottawa - Gatineau (Ontario part)",
  "K2W": "Ottawa - Gatineau (Ontario part)",
  "K4A": "Ottawa - Gatineau (Ontario part)",
  "K4B": "Ottawa - Gatineau (Ontario part)",
  "K4C": "Ottawa - Gatineau (Ontario part)",
  "K4K": "Ottawa - Gatineau (Ontario part)",
  "K4M": "Ottawa - Gatineau (Ontario part)",
  "K4P": "Ottawa - Gatineau (Ontario part)",
  "K4R": "Ottawa - Gatineau (Ontario part)",
  "K7C": "Carleton Place",
  "K7K": "Kingston",
  "K7L": "Kingston",
  "K7M": "Kingston",
  "K7N": "Kingston",
  "K7P": "Kingston",
  "K0K": "Belleville",
  "K8P": "Belleville",
  "K8R": "Belleville",
  "K8N": "Belleville",
  "K8V": "Belleville",
  "L1A": "Port Hope",
  "K9J": "Peterborough",
  "L0A": "Peterborough",
  "K9H": "Peterborough",
  "K9K": "Peterborough",
  "K9L": "Peterborough",
  "K9V": "Kawartha Lakes",
  "L1J": "Oshawa",
  "L1N": "Oshawa",
  "L1B": "Oshawa",
  "L1C": "Oshawa",
  "L1E": "Oshawa",
  "L1G": "Oshawa",
  "L1H": "Oshawa",
  "L1K": "Oshawa",
  "L1L": "Oshawa",
  "L1M": "Oshawa",
  "L1P": "Oshawa",
  "L1R": "Oshawa",
  "N1M": "Centre Wellington",
  "N5C": "Ingersoll",
  "L0E": "Toronto",
  "L0G": "Toronto",
  "L0H": "Toronto",
  "L0P": "Toronto",
  "L0J": "Toronto",
  "L4X": "Toronto",
  "L4Y": "Toronto",
  "L4Z": "Toronto",
  "L5A": "Toronto",
  "M1P": "Toronto",
  "M1R": "Toronto",
  "M6C": "Toronto",
  "M6E": "Toronto",
  "M6G": "Toronto",
  "L3P": "Toronto",
  "L3R": "Toronto",
  "L3S": "Toronto",
  "L3T": "Toronto",
  "L3Y": "Toronto",
  "L3Z": "Toronto",
  "L4A": "Toronto",
  "L4H": "Toronto",
  "L4J": "Toronto",
  "L4K": "Toronto",
  "L4L": "Toronto",
  "L4P": "Toronto",
  "M4K": "Toronto",
  "M4L": "Toronto",
  "M4M": "Toronto",
  "L5V": "Toronto",
  "M6M": "Toronto",
  "M6N": "Toronto",
  "M6P": "Toronto",
  "M8W": "Toronto",
  "M8X": "Toronto",
  "M8Y": "Toronto",
  "M4A": "Toronto",
  "M4B": "Toronto",
  "M4C": "Toronto",
  "L5W": "Toronto",
  "L6S": "Toronto",
  "L6T": "Toronto",
  "L6V": "Toronto",
  "L6W": "Toronto",
  "L7E": "Toronto",
  "L7J": "Toronto",
  "M9B": "Toronto",
  "M9C": "Toronto",
  "L5B": "Toronto",
  "L5C": "Toronto",
  "L5E": "Toronto",
  "L5G": "Toronto",
  "L5H": "Toronto",
  "L5N": "Toronto",
  "M1S": "Toronto",
  "M1T": "Toronto",
  "M1V": "Toronto",
  "M2J": "Toronto",
  "M2M": "Toronto",
  "L9T": "Toronto",
  "M1B": "Toronto",
  "M1E": "Toronto",
  "M1G": "Toronto",
  "M1J": "Toronto",
  "M1M": "Toronto",
  "M2K": "Toronto",
  "M2L": "Toronto",
  "M4N": "Toronto",
  "L3X": "Toronto",
  "L4B": "Toronto",
  "L4C": "Toronto",
  "M4P": "Toronto",
  "M4R": "Toronto",
  "M4S": "Toronto",
  "M4T": "Toronto",
  "L6A": "Toronto",
  "M6R": "Toronto",
  "M6S": "Toronto",
  "M8V": "Toronto",
  "M8Z": "Toronto",
  "M9A": "Toronto",
  "M9L": "Toronto",
  "M4E": "Toronto",
  "M4G": "Toronto",
  "M4H": "Toronto",
  "L6B": "Toronto",
  "L6X": "Toronto",
  "L6Y": "Toronto",
  "L6Z": "Toronto",
  "L7A": "Toronto",
  "L7B": "Toronto",
  "L7C": "Toronto",
  "L7G": "Toronto",
  "L7K": "Toronto",
  "L5J": "Toronto",
  "L5K": "Toronto",
  "L5L": "Toronto",
  "L5M": "Toronto",
  "L5R": "Toronto",
  "M1W": "Toronto",
  "M1X": "Toronto",
  "M2H": "Toronto",
  "M2N": "Toronto",
  "M2P": "Toronto",
  "L4E": "Toronto",
  "L4G": "Toronto",
  "M4J": "Toronto",
  "L6H": "Toronto",
  "L6J": "Toronto",
  "L6K": "Toronto",
  "M3C": "Toronto",
  "M3H": "Toronto",
  "M9M": "Toronto",
  "M9N": "Toronto",
  "M9P": "Toronto",
  "M3B": "Toronto",
  "M3L": "Toronto",
  "M1K": "Toronto",
  "M1L": "Toronto",
  "M1N": "Toronto",
  "M5A": "Toronto",
  "M5B": "Toronto",
  "M5C": "Toronto",
  "M5E": "Toronto",
  "M5G": "Toronto",
  "M5H": "Toronto",
  "M5M": "Toronto",
  "L4T": "Toronto",
  "L4V": "Toronto",
  "L4W": "Toronto",
  "M6H": "Toronto",
  "M5V": "Toronto",
  "M6A": "Toronto",
  "M6B": "Toronto",
  "M2R": "Toronto",
  "M3A": "Toronto",
  "M6J": "Toronto",
  "M6K": "Toronto",
  "M6L": "Toronto",
  "L4S": "Toronto",
  "L6L": "Toronto",
  "L6M": "Toronto",
  "L6P": "Toronto",
  "L6R": "Toronto",
  "M1C": "Toronto",
  "M1H": "Toronto",
  "M3J": "Toronto",
  "M3K": "Toronto",
  "M9R": "Toronto",
  "M9V": "Toronto",
  "M9W": "Toronto",
  "M3M": "Toronto",
  "M3N": "Toronto",
  "L1Y": "Toronto",
  "L1Z": "Toronto",
  "M4W": "Toronto",
  "M4X": "Toronto",
  "M4Y": "Toronto",
  "M5N": "Toronto",
  "L6C": "Toronto",
  "L6E": "Toronto",
  "L6G": "Toronto",
  "L9N": "Toronto",
  "L9P": "Toronto",
  "M4V": "Toronto",
  "M5P": "Toronto",
  "M5R": "Toronto",
  "M5S": "Toronto",
  "M5T": "Toronto",
  "L1S": "Toronto",
  "L1T": "Toronto",
  "L1V": "Toronto",
  "L1W": "Toronto",
  "L1X": "Toronto",
  "L0R": "Hamilton",
  "L8G": "Hamilton",
  "L8L": "Hamilton",
  "L8M": "Hamilton",
  "L8N": "Hamilton",
  "L8S": "Hamilton",
  "L8T": "Hamilton",
  "L8V": "Hamilton",
  "L3M": "Hamilton",
  "L7P": "Hamilton",
  "L8E": "Hamilton",
  "L7N": "Hamilton",
  "L9G": "Hamilton",
  "L9H": "Hamilton",
  "L9K": "Hamilton",
  "L8W": "Hamilton",
  "L9A": "Hamilton",
  "L9B": "Hamilton",
  "L7L": "Hamilton",
  "L7M": "Hamilton",
  "L9C": "Hamilton",
  "L7R": "Hamilton",
  "L7S": "Hamilton",
  "L7T": "Hamilton",
  "L8H": "Hamilton",
  "L8J": "Hamilton",
  "L8K": "Hamilton",
  "L8P": "Hamilton",
  "L8R": "Hamilton",
  "L0S": "St. Catharines - Niagara",
  "L2A": "St. Catharines - Niagara",
  "L2E": "St. Catharines - Niagara",
  "L2G": "St. Catharines - Niagara",
  "L2M": "St. Catharines - Niagara",
  "L2N": "St. Catharines - Niagara",
  "L2P": "St. Catharines - Niagara",
  "L2R": "St. Catharines - Niagara",
  "L3B": "St. Catharines - Niagara",
  "L3C": "St. Catharines - Niagara",
  "L3K": "St. Catharines - Niagara",
  "L2S": "St. Catharines - Niagara",
  "L2T": "St. Catharines - Niagara",
  "L2V": "St. Catharines - Niagara",
  "L2W": "St. Catharines - Niagara",
  "L2H": "St. Catharines - Niagara",
  "L2J": "St. Catharines - Niagara",
  "N1P": "Kitchener - Cambridge - Waterloo",
  "N1R": "Kitchener - Cambridge - Waterloo",
  "N1S": "Kitchener - Cambridge - Waterloo",
  "N1T": "Kitchener - Cambridge - Waterloo",
  "N2A": "Kitchener - Cambridge - Waterloo",
  "N2B": "Kitchener - Cambridge - Waterloo",
  "N2K": "Kitchener - Cambridge - Waterloo",
  "N2L": "Kitchener - Cambridge - Waterloo",
  "N2M": "Kitchener - Cambridge - Waterloo",
  "N2N": "Kitchener - Cambridge - Waterloo",
  "N2C": "Kitchener - Cambridge - Waterloo",
  "N2E": "Kitchener - Cambridge - Waterloo",
  "N2G": "Kitchener - Cambridge - Waterloo",
  "N2H": "Kitchener - Cambridge - Waterloo",
  "N2J": "Kitchener - Cambridge - Waterloo",
  "N2V": "Kitchener - Cambridge - Waterloo",
  "N3A": "Kitchener - Cambridge - Waterloo",
  "N3B": "Kitchener - Cambridge - Waterloo",
  "N3E": "Kitchener - Cambridge - Waterloo",
  "N0B": "Kitchener - Cambridge - Waterloo",
  "N3H": "Kitchener - Cambridge - Waterloo",
  "N2P": "Kitchener - Cambridge - Waterloo",
  "N2R": "Kitchener - Cambridge - Waterloo",
  "N2T": "Kitchener - Cambridge - Waterloo",
  "N3S": "Brantford",
  "N3T": "Brantford",
  "N3V": "Brantford",
  "N3L": "Brantford",
  "N3P": "Brantford",
  "N3R": "Brantford",
  "N0E": "Norfolk",
  "N3Y": "Norfolk",
  "N4B": "Norfolk",
  "N1G": "Guelph",
  "N1H": "Guelph",
  "N1K": "Guelph",
  "N1L": "Guelph",
  "N3C": "Guelph",
  "N1C": "Guelph",
  "N1E": "Guelph",
  "N4Z": "Stratford",
  "N5A": "Stratford",
  "N0L": "London",
  "N5V": "London",
  "N5Y": "London",
  "N5Z": "London",
  "N6A": "London",
  "N6B": "London",
  "N6C": "London",
  "N6E": "London",
  "N6K": "London",
  "N6M": "London",
  "N6N": "London",
  "N5L": "London",
  "N5P": "London",
  "N6L": "London",
  "N6P": "London",
  "N6G": "London",
  "N6H": "London",
  "N6J": "London",
  "N7G": "London",
  "N5W": "London",
  "N5X": "London",
  "N5R": "London",
  "N0P": "Chatham-Kent",
  "N7M": "Chatham-Kent",
  "N7L": "Chatham-Kent",
  "N8A": "Chatham-Kent",
  "N0R": "Leamington",
  "N9Y": "Leamington",
  "N8H": "Leamington",
  "N8N": "Windsor",
  "N8P": "Windsor",
  "N9A": "Windsor",
  "N9B": "Windsor",
  "N9C": "Windsor",
  "N9E": "Windsor",
  "N9G": "Windsor",
  "N9H": "Windsor",
  "N9J": "Windsor",
  "N9K": "Windsor",
  "N9V": "Windsor",
  "N8R": "Windsor",
  "N8S": "Windsor",
  "N8T": "Windsor",
  "N8W": "Windsor",
  "N8X": "Windsor",
  "N8Y": "Windsor",
  "N7T": "Sarnia",
  "N7S": "Sarnia",
  "N7V": "Sarnia",
  "N7W": "Sarnia",
  "N7X": "Sarnia",
  "N0H": "Owen Sound",
  "N4K": "Owen Sound",
  "N4S": "Woodstock",
  "N4T": "Woodstock",
  "N4V": "Woodstock",
  "P7E": "Thunder Bay",
  "P7A": "Thunder Bay",
  "P7C": "Thunder Bay",
  "P7J": "Thunder Bay",
  "P7B": "Thunder Bay",
  "P7K": "Thunder Bay",
  "P7L": "Thunder Bay",
  "P9N": "Kenora",
  "P5A": "Elliot Lake",
  "P4R": "Timmins",
  "P0N": "Timmins",
  "P4N": "Timmins",
  "P4P": "Timmins",
  "K7S": "Arnprior",
  "K8A": "Pembroke",
  "K8B": "Pembroke",
  "K8H": "Petawawa",
  "C0B": "Summerside",
  "C0A": "Charlottetown",
  "C1B": "Charlottetown",
  "C1A": "Charlottetown",
  "C1C": "Charlottetown",
  "C1E": "Charlottetown",
  "C1N": "Summerside",
  "J0M": "Sept-Îles",
  "J0Y": "Dolbeau-Mistassini",
  "G0G": "Sept-Îles",
  "G8P": "Dolbeau-Mistassini",
  "G0V": "Dolbeau-Mistassini",
  "G4X": "Bathurst",
  "G4T": "Charlottetown",
  "G4Z": "Baie-Comeau",
  "G0E": "Campbellton (Quebec part)",
  "G0X": "Shawinigan",
  "J0W": "Ottawa - Gatineau (Quebec part)",
  "G8L": "Dolbeau-Mistassini",
  "G4V": "Matane",
  "G9X": "Shawinigan",
  "G8J": "Dolbeau-Mistassini",
  "G0T": "Baie-Comeau",
  "G0C": "Bathurst",
  "G0W": "Dolbeau-Mistassini",
  "G4R": "Sept-Îles",
  "J9L": "Ottawa - Gatineau (Quebec part)",
  "J0T": "Montréal",
  "J0X": "Petawawa",
  "J0K": "Shawinigan",
  "G6B": "Saint-Georges",
  "J9E": "Ottawa - Gatineau (Quebec part)",
  "J8E": "Montréal",
  "G3Z": "Québec",
  "G4A": "Rivière-du-Loup",
  "G0Y": "Thetford Mines",
  "G0R": "Québec",
  "J9T": "Val-d'Or",
  "J9V": "North Bay",
  "G5A": "Rivière-du-Loup",
  "J9Z": "Rouyn-Noranda",
  "J8C": "Montréal",
  "J0V": "Ottawa - Gatineau (Quebec part)",
  "G8N": "Saguenay",
  "G8H": "Dolbeau-Mistassini",
  "G0J": "Matane",
  "J0Z": "Rouyn-Noranda",
  "G0A": "Québec",
  "G0H": "Baie-Comeau",
  "G5J": "Matane",
  "G8G": "Alma",
  "G5V": "Québec",
  "G5H": "Rimouski",
  "G0S": "Québec",
  "J9P": "Val-d'Or",
  "G0K": "Rimouski",
  "J0A": "Victoriaville",
  "G5B": "Sept-Îles",
  "J1T": "Sherbrooke",
  "J8G": "Hawkesbury (Quebec part)",
  "J8B": "Montréal",
  "J0S": "Salaberry-de-Valleyfield",
  "J0G": "Sorel-Tracy",
  "G6L": "Victoriaville",
  "J0J": "Montréal",
  "G8M": "Dolbeau-Mistassini",
  "G5T": "Edmundston",
  "G0Z": "Trois-Rivières",
  "G5X": "Saint-Georges",
  "J8A": "Montréal",
  "G0L": "Rivière-du-Loup",
  "H0M": "Cornwall",
  "G8K": "Dolbeau-Mistassini",
  "J1A": "Sherbrooke",
  "J2N": "Granby",
  "G0P": "Victoriaville",
  "J0P": "Montréal",
  "J0R": "Montréal",
  "J0E": "Granby",
  "J3T": "Trois-Rivières",
  "G3L": "Québec",
  "J5J": "Montréal",
  "J2M": "Granby",
  "J5V": "Trois-Rivières",
  "G3H": "Québec",
  "J0H": "Saint-Hyacinthe",
  "J3M": "Montréal",
  "J0B": "Sherbrooke",
  "G0M": "Saint-Georges",
  "G3M": "Québec",
  "G7P": "Saguenay",
  "J2K": "Cowansville",
  "J8L": "Ottawa - Gatineau (Quebec part)",
  "J1S": "Sherbrooke",
  "J8H": "Lachute",
  "G9A": "Trois-Rivières",
  "G9B": "Trois-Rivières",
  "G9H": "Trois-Rivières",
  "G8T": "Trois-Rivières",
  "G8V": "Trois-Rivières",
  "G8W": "Trois-Rivières",
  "G8Y": "Trois-Rivières",
  "G8Z": "Trois-Rivières",
  "G9C": "Trois-Rivières",
  "G9N": "Shawinigan",
  "G9T": "Shawinigan",
  "G9P": "Shawinigan",
  "G9R": "Shawinigan",
  "J0C": "Drummondville",
  "J2C": "Drummondville",
  "J2E": "Drummondville",
  "J1Z": "Drummondville",
  "J2A": "Drummondville",
  "J2B": "Drummondville",
  "J2G": "Granby",
  "J2H": "Granby",
  "J2J": "Granby",
  "J2L": "Granby",
  "J3P": "Sorel-Tracy",
  "J3R": "Sorel-Tracy",
  "J6E": "Joliette",
  "H1A": "Montréal",
  "H3Z": "Montréal",
  "H3Y": "Montréal",
  "H1B": "Montréal",
  "H1J": "Montréal",
  "H1K": "Montréal",
  "H1L": "Montréal",
  "H1M": "Montréal",
  "H1N": "Montréal",
  "H1P": "Montréal",
  "H1R": "Montréal",
  "H1S": "Montréal",
  "H1T": "Montréal",
  "H1V": "Montréal",
  "H1W": "Montréal",
  "H1X": "Montréal",
  "H1Y": "Montréal",
  "H1Z": "Montréal",
  "H2A": "Montréal",
  "H1C": "Montréal",
  "H1E": "Montréal",
  "H1G": "Montréal",
  "H1H": "Montréal",
  "H3H": "Montréal",
  "H3J": "Montréal",
  "H3K": "Montréal",
  "H3L": "Montréal",
  "H3M": "Montréal",
  "H3N": "Montréal",
  "H3P": "Montréal",
  "H3R": "Montréal",
  "H3S": "Montréal",
  "H3T": "Montréal",
  "H3V": "Montréal",
  "H3W": "Montréal",
  "H3X": "Montréal",
  "H7H": "Montréal",
  "H7J": "Montréal",
  "H7K": "Montréal",
  "H7N": "Montréal",
  "H7P": "Montréal",
  "H7R": "Montréal",
  "H4A": "Montréal",
  "H4B": "Montréal",
  "H4C": "Montréal",
  "H4E": "Montréal",
  "H4G": "Montréal",
  "H4H": "Montréal",
  "H4J": "Montréal",
  "H4K": "Montréal",
  "H4L": "Montréal",
  "H4M": "Montréal",
  "H4N": "Montréal",
  "H4P": "Montréal",
  "H2B": "Montréal",
  "H2C": "Montréal",
  "H2E": "Montréal",
  "H2G": "Montréal",
  "H2H": "Montréal",
  "H2J": "Montréal",
  "H2K": "Montréal",
  "H2L": "Montréal",
  "H2M": "Montréal",
  "H2N": "Montréal",
  "H2P": "Montréal",
  "H2R": "Montréal",
  "H2S": "Montréal",
  "H2T": "Montréal",
  "H2V": "Montréal",
  "H2W": "Montréal",
  "H2X": "Montréal",
  "H2Y": "Montréal",
  "H2Z": "Montréal",
  "H3A": "Montréal",
  "H3B": "Montréal",
  "H3C": "Montréal",
  "H3E": "Montréal",
  "H3G": "Montréal",
  "H7B": "Montréal",
  "H7E": "Montréal",
  "H7G": "Montréal",
  "H7S": "Montréal",
  "H7T": "Montréal",
  "H7V": "Montréal",
  "H7W": "Montréal",
  "H7X": "Montréal",
  "H7Y": "Montréal",
  "H8N": "Montréal",
  "H7L": "Montréal",
  "H7M": "Montréal",
  "H4R": "Montréal",
  "H4S": "Montréal",
  "H4V": "Montréal",
  "H4W": "Montréal",
  "H4X": "Montréal",
  "H7A": "Montréal",
  "H7C": "Montréal",
  "H9P": "Montréal",
  "H9R": "Montréal",
  "H9S": "Montréal",
  "H9W": "Montréal",
  "H9X": "Montréal",
  "J0L": "Montréal",
  "J0N": "Montréal",
  "H8S": "Montréal",
  "H8P": "Montréal",
  "H8R": "Montréal",
  "H8T": "Montréal",
  "H8Y": "Montréal",
  "H8Z": "Montréal",
  "H9A": "Montréal",
  "H9B": "Montréal",
  "H9C": "Montréal",
  "H9E": "Montréal",
  "H9G": "Montréal",
  "H9H": "Montréal",
  "H9J": "Montréal",
  "H9K": "Montréal",
  "J3B": "Montréal",
  "J4H": "Montréal",
  "J4J": "Montréal",
  "J4K": "Montréal",
  "J4L": "Montréal",
  "J2W": "Montréal",
  "J2X": "Montréal",
  "J2Y": "Montréal",
  "J3A": "Montréal",
  "J3E": "Montréal",
  "J3G": "Montréal",
  "J3H": "Montréal",
  "J3L": "Montréal",
  "J3N": "Montréal",
  "J3X": "Montréal",
  "J4B": "Montréal",
  "J4G": "Montréal",
  "J3V": "Montréal",
  "J3Y": "Montréal",
  "J3Z": "Montréal",
  "J5T": "Montréal",
  "J5Y": "Montréal",
  "J5Z": "Montréal",
  "J6Z": "Montréal",
  "J7B": "Montréal",
  "J7C": "Montréal",
  "J7E": "Montréal",
  "J7G": "Montréal",
  "J7J": "Montréal",
  "J7N": "Montréal",
  "J7P": "Montréal",
  "J7R": "Montréal",
  "J7T": "Montréal",
  "J7V": "Montréal",
  "J7H": "Montréal",
  "J4M": "Montréal",
  "J4N": "Montréal",
  "J4P": "Montréal",
  "J4R": "Montréal",
  "J4S": "Montréal",
  "J4T": "Montréal",
  "J4V": "Montréal",
  "J4W": "Montréal",
  "J4X": "Montréal",
  "J4Y": "Montréal",
  "J4Z": "Montréal",
  "J5A": "Montréal",
  "J5B": "Montréal",
  "J5C": "Montréal",
  "J5K": "Montréal",
  "J5L": "Montréal",
  "J5M": "Montréal",
  "J5R": "Montréal",
  "J5W": "Montréal",
  "J5X": "Montréal",
  "J6A": "Montréal",
  "J7A": "Montréal",
  "J6K": "Montréal",
  "J6N": "Montréal",
  "J6R": "Montréal",
  "J6V": "Montréal",
  "J6W": "Montréal",
  "J6X": "Montréal",
  "J6Y": "Montréal",
  "J7K": "Montréal",
  "J7L": "Montréal",
  "J7M": "Montréal",
  "J7W": "Montréal",
  "J7X": "Montréal",
  "J7Y": "Montréal",
  "J7Z": "Montréal",
  "J6J": "Montréal",
  "J6S": "Salaberry-de-Valleyfield",
  "J6T": "Salaberry-de-Valleyfield",
  "J2R": "Saint-Hyacinthe",
  "J2T": "Saint-Hyacinthe",
  "J2S": "Saint-Hyacinthe",
  "G4W": "Matane",
  "G5L": "Rimouski",
  "G5M": "Rimouski",
  "G5N": "Rimouski",
  "G5R": "Rivière-du-Loup",
  "G5C": "Baie-Comeau",
  "G7H": "Saguenay",
  "G7S": "Saguenay",
  "G7B": "Saguenay",
  "G7G": "Saguenay",
  "G7J": "Saguenay",
  "G7K": "Saguenay",
  "G7N": "Saguenay",
  "G7T": "Saguenay",
  "G7X": "Saguenay",
  "G7Y": "Saguenay",
  "G7Z": "Saguenay",
  "G8A": "Saguenay",
  "G4S": "Sept-Îles",
  "G1M": "Québec",
  "G1N": "Québec",
  "G1P": "Québec",
  "G1R": "Québec",
  "G1S": "Québec",
  "G1T": "Québec",
  "G1V": "Québec",
  "G1W": "Québec",
  "G1B": "Québec",
  "G1C": "Québec",
  "G1E": "Québec",
  "G1G": "Québec",
  "G1H": "Québec",
  "G1J": "Québec",
  "G1K": "Québec",
  "G1L": "Québec",
  "G1X": "Québec",
  "G1Y": "Québec",
  "G2A": "Québec",
  "G2B": "Québec",
  "G2C": "Québec",
  "G2E": "Québec",
  "G2G": "Québec",
  "G2J": "Québec",
  "G2K": "Québec",
  "G3B": "Québec",
  "G3C": "Québec",
  "G3E": "Québec",
  "G3G": "Québec",
  "G3J": "Québec",
  "G3K": "Québec",
  "G3N": "Québec",
  "G2L": "Québec",
  "G2M": "Québec",
  "G2N": "Québec",
  "G3A": "Québec",
  "G6C": "Québec",
  "G6J": "Québec",
  "G6K": "Québec",
  "G6V": "Québec",
  "G6W": "Québec",
  "G6X": "Québec",
  "G6Y": "Québec",
  "G7A": "Québec",
  "G6Z": "Québec",
  "G6E": "Sainte-Marie",
  "G0N": "Thetford Mines",
  "G6G": "Thetford Mines",
  "G6H": "Thetford Mines",
  "J1E": "Sherbrooke",
  "J1G": "Sherbrooke",
  "J1H": "Sherbrooke",
  "J1M": "Sherbrooke",
  "J1C": "Sherbrooke",
  "J1J": "Sherbrooke",
  "J1K": "Sherbrooke",
  "J1L": "Sherbrooke",
  "J1N": "Sherbrooke",
  "J1R": "Sherbrooke",
  "J1X": "Sherbrooke",
  "G8B": "Alma",
  "G8C": "Alma",
  "G8E": "Alma",
  "J9X": "Rouyn-Noranda",
  "J9Y": "Rouyn-Noranda",
  "G5Y": "Saint-Georges",
  "G5Z": "Saint-Georges",
  "G6A": "Saint-Georges",
  "G6P": "Victoriaville",
  "G6R": "Victoriaville",
  "G6S": "Victoriaville",
  "G6T": "Victoriaville",
  "J9H": "Ottawa - Gatineau (Quebec part)",
  "J9J": "Ottawa - Gatineau (Quebec part)",
  "J8X": "Ottawa - Gatineau (Quebec part)",
  "J8Y": "Ottawa - Gatineau (Quebec part)",
  "J8Z": "Ottawa - Gatineau (Quebec part)",
  "J9A": "Ottawa - Gatineau (Quebec part)",
  "J9B": "Ottawa - Gatineau (Quebec part)",
  "J8M": "Ottawa - Gatineau (Quebec part)",
  "J8N": "Ottawa - Gatineau (Quebec part)",
  "J8R": "Ottawa - Gatineau (Quebec part)",
  "J8V": "Ottawa - Gatineau (Quebec part)",
  "J8P": "Ottawa - Gatineau (Quebec part)",
  "J8T": "Ottawa - Gatineau (Quebec part)",
  "S0J": "Wood Buffalo",
  "S0P": "Prince Albert",
  "S0E": "Prince Albert",
  "S9X": "North Battleford",
  "S0L": "Saskatoon",
  "S0H": "Moose Jaw",
  "S0M": "Lloydminster (Saskatchewan part)",
  "S0N": "Swift Current",
  "S0C": "Estevan",
  "S4S": "Regina",
  "S9V": "Lloydminster (Saskatchewan part)",
  "S0G": "Regina",
  "S0A": "Yorkton",
  "S4L": "Regina",
  "S4N": "Regina",
  "S4P": "Regina",
  "S4R": "Regina",
  "S4T": "Regina",
  "S4V": "Regina",
  "S4W": "Regina",
  "S4X": "Regina",
  "S4Y": "Regina",
  "S4Z": "Regina",
  "S2V": "Regina",
  "S3N": "Yorkton",
  "S6H": "Moose Jaw",
  "S6J": "Moose Jaw",
  "S6K": "Moose Jaw",
  "S9H": "Swift Current",
  "S7H": "Saskatoon",
  "S7J": "Saskatoon",
  "S7K": "Saskatoon",
  "S7L": "Saskatoon",
  "S7M": "Saskatoon",
  "S0K": "Saskatoon",
  "S7N": "Saskatoon",
  "S7P": "Saskatoon",
  "S7R": "Saskatoon",
  "S7S": "Saskatoon",
  "S7T": "Saskatoon",
  "S7V": "Saskatoon",
  "S7W": "Saskatoon",
  "S9A": "North Battleford",
  "S6V": "Prince Albert",
  "S6W": "Prince Albert",
  "S6X": "Prince Albert",
  "S4A": "Estevan",
  "S4H": "Weyburn",
  "Y0B": "Whitehorse",
  "Y0A": "Whitehorse",
  "Y1A": "Whitehorse"
}